{
    "rmse": 0.4733178596741089,
    "mae": 0.08036322829821071,
    "r2": 0.8847768011426584
}